{
    "name": "默认主题",
    "description": "简洁清爽的默认主题，适合大多数用户使用",
    "version": "1.0.0",
    "author": "LinkHub",
    "screenshot": "/themes/default/yulan.jpg",
    "demo": "",
    "require": {
        "min": "1.0.0",
        "max": ""
    },
    "config": {
        "favicon": "online",
        "shortcut_icon": "",
        "show_search": true,
        "show_sidebar": true,
        "show_footer": true,
        "custom_css": "",
        "custom_js": ""
    },
    "features": [
        "响应式设计",
        "现代化UI",
        "快速加载",
        "简洁清爽",
        "易于使用"
    ],
    "color": "#4f46e5"
}
