{
    "name": "星河主题",
    "description": "优雅的星河搜索主题，支持深色模式和响应式设计",
    "version": "1.0.0",
    "author": "LinkHub",
    "screenshot": "/resources/themes/xinghe/screenshot.png",
    "demo": "",
    "require": {
        "min": "1.0.0",
        "max": ""
    },
    "config": {
        "favicon": "online",
        "shortcut_icon": "",
        "bing_wallpaper": "off",
        "show_search": true,
        "show_sidebar": true,
        "show_footer": true,
        "custom_css": "",
        "custom_js": ""
    },
    "features": [
        "响应式设计",
        "深色模式支持",
        "搜索功能",
        "侧边栏导航",
        "现代化UI"
    ]
}
