{
    "name": "MarkHak",
    "version": "1.0.0",
    "description": "简洁优雅的Google风格主题，专注用户体验和现代设计",
    "author": "LinkHub Team",
    "screenshot": "yulan.jpg",
    "settings": {
        "show_search": {
            "type": "switch",
            "label": "显示搜索功能",
            "default": true
        },
        "show_footer": {
            "type": "switch", 
            "label": "显示页脚",
            "default": true
        },
        "animation_enabled": {
            "type": "switch",
            "label": "启用动画效果", 
            "default": true
        },
        "card_style": {
            "type": "select",
            "label": "卡片风格",
            "options": {
                "elevated": "悬浮卡片",
                "outlined": "边框卡片",
                "filled": "填充卡片"
            },
            "default": "elevated"
        },
        "layout_density": {
            "type": "select", 
            "label": "布局密度",
            "options": {
                "comfortable": "舒适",
                "compact": "紧凑", 
                "spacious": "宽松"
            },
            "default": "comfortable"
        }
    }
}
